{
  "folds": [
    {
      "fold": 0,
      "best_epoch": 33,
      "wa": 0.6374845869297164,
      "wf1": 0.6359292204642601,
      "uf1": 0.6078022497529197,
      "f1_per_class": [
        0.3674911660777386,
        0.6417910447761194,
        0.7019562715765247,
        0.5913621262458473,
        0.7383015597920277,
        0.605911330049261
      ]
    }
  ],
  "wa_mean": 0.6374845869297164,
  "wa_std": 0.0,
  "wa_min": 0.6374845869297164,
  "wa_max": 0.6374845869297164,
  "wf1_mean": 0.6359292204642601,
  "wf1_std": 0.0,
  "wf1_min": 0.6359292204642601,
  "wf1_max": 0.6359292204642601,
  "uf1_mean": 0.6078022497529197,
  "uf1_std": 0.0,
  "uf1_min": 0.6078022497529197,
  "uf1_max": 0.6078022497529197,
  "mean_f1_per_class": {
    "hap": 0.3674911660777386,
    "sad": 0.6417910447761194,
    "neu": 0.7019562715765247,
    "ang": 0.5913621262458473,
    "exc": 0.7383015597920277,
    "fru": 0.605911330049261
  }
}