{
  "folds": [
    {
      "fold": 0,
      "best_epoch": 25,
      "wa": 0.6356350184956844,
      "wf1": 0.6369720511452125,
      "uf1": 0.6271038321409924,
      "f1_per_class": [
        0.488135593220339,
        0.6682926829268293,
        0.6420927467300832,
        0.6345609065155806,
        0.748299319727891,
        0.5812417437252312
      ]
    }
  ],
  "wa_mean": 0.6356350184956844,
  "wa_std": 0.0,
  "wa_min": 0.6356350184956844,
  "wa_max": 0.6356350184956844,
  "wf1_mean": 0.6369720511452125,
  "wf1_std": 0.0,
  "wf1_min": 0.6369720511452125,
  "wf1_max": 0.6369720511452125,
  "uf1_mean": 0.6271038321409924,
  "uf1_std": 0.0,
  "uf1_min": 0.6271038321409924,
  "uf1_max": 0.6271038321409924,
  "mean_f1_per_class": {
    "hap": 0.488135593220339,
    "sad": 0.6682926829268293,
    "neu": 0.6420927467300832,
    "ang": 0.6345609065155806,
    "exc": 0.748299319727891,
    "fru": 0.5812417437252312
  }
}