{
  "folds": [
    {
      "fold": 0,
      "best_epoch": 21,
      "wa": 0.5807644882860666,
      "wf1": 0.5842160111976366,
      "uf1": 0.5697262197218266,
      "f1_per_class": [
        0.40116279069767435,
        0.6933867735470942,
        0.6620689655172415,
        0.5324074074074073,
        0.6666666666666666,
        0.46266471449487556
      ]
    },
    {
      "fold": 1,
      "best_epoch": 16,
      "wa": 0.5055487053020962,
      "wf1": 0.5091225049096019,
      "uf1": 0.4983781670969714,
      "f1_per_class": [
        0.3801652892561983,
        0.6014760147601476,
        0.6055312954876274,
        0.42710472279260786,
        0.6452830188679245,
        0.3307086614173228
      ]
    },
    {
      "fold": 2,
      "best_epoch": 23,
      "wa": 0.5265104808877928,
      "wf1": 0.5241824803891244,
      "uf1": 0.5131959863542718,
      "f1_per_class": [
        0.42857142857142855,
        0.6753731343283582,
        0.6649214659685864,
        0.3721804511278196,
        0.6409266409266409,
        0.2972027972027972
      ]
    }
  ],
  "wa_mean": 0.5376078914919852,
  "wa_std": 0.03169351031427377,
  "wa_min": 0.5055487053020962,
  "wa_max": 0.5807644882860666,
  "wf1_mean": 0.5391736654987876,
  "wf1_std": 0.03243773928520006,
  "wf1_min": 0.5091225049096019,
  "wf1_max": 0.5842160111976366,
  "uf1_mean": 0.5271001243910233,
  "uf1_std": 0.030742261294495508,
  "uf1_min": 0.4983781670969714,
  "uf1_max": 0.5697262197218266,
  "mean_f1_per_class": {
    "hap": 0.4032998361751004,
    "sad": 0.6567453075452,
    "neu": 0.6441739089911517,
    "ang": 0.4438975271092782,
    "exc": 0.6509587754870774,
    "fru": 0.36352539103833187
  }
}