{
  "folds": [
    {
      "fold": 0,
      "best_epoch": 0,
      "wa": 0.48112480739599384,
      "wf1": 0.31257471232124645,
      "uf1": 0.09281070035296303,
      "f1_per_class": [
        0.6496749024707412,
        0.0,
        0.0,
        0.0,
        0.0,
        0.0,
        0.0
      ]
    }
  ],
  "wa_mean": 0.48112480739599384,
  "wa_std": 0.0,
  "wa_min": 0.48112480739599384,
  "wa_max": 0.48112480739599384,
  "wf1_mean": 0.31257471232124645,
  "wf1_std": 0.0,
  "wf1_min": 0.31257471232124645,
  "wf1_max": 0.31257471232124645,
  "uf1_mean": 0.09281070035296303,
  "uf1_std": 0.0,
  "uf1_min": 0.09281070035296303,
  "uf1_max": 0.09281070035296303,
  "mean_f1_per_class": {
    "neutral": 0.6496749024707412,
    "joy": 0.0,
    "surprise": 0.0,
    "anger": 0.0,
    "sadness": 0.0,
    "disgust": 0.0,
    "fear": 0.0
  }
}