{
  "folds": [
    {
      "fold": 0,
      "best_epoch": 8,
      "wa": 0.523497688751926,
      "wf1": 0.49743571526787744,
      "uf1": 0.30802905161370103,
      "f1_per_class": [
        0.6688102893890675,
        0.3695090439276486,
        0.33333333333333337,
        0.43072289156626503,
        0.3160919540229885,
        0.0,
        0.03773584905660377
      ]
    }
  ],
  "wa_mean": 0.523497688751926,
  "wa_std": 0.0,
  "wa_min": 0.523497688751926,
  "wa_max": 0.523497688751926,
  "wf1_mean": 0.49743571526787744,
  "wf1_std": 0.0,
  "wf1_min": 0.49743571526787744,
  "wf1_max": 0.49743571526787744,
  "uf1_mean": 0.30802905161370103,
  "uf1_std": 0.0,
  "uf1_min": 0.30802905161370103,
  "uf1_max": 0.30802905161370103,
  "mean_f1_per_class": {
    "neutral": 0.6688102893890675,
    "joy": 0.3695090439276486,
    "surprise": 0.33333333333333337,
    "anger": 0.43072289156626503,
    "sadness": 0.3160919540229885,
    "disgust": 0.0,
    "fear": 0.03773584905660377
  }
}