{
  "folds": [
    {
      "fold": 0,
      "best_epoch": 0,
      "wa": 0.25400739827373614,
      "wf1": 0.1363308477928933,
      "uf1": 0.12241192961124059,
      "f1_per_class": [
        0.0,
        0.43165467625899284,
        0.0,
        0.0,
        0.0,
        0.3028169014084507
      ]
    },
    {
      "fold": 1,
      "best_epoch": 0,
      "wa": 0.2373612823674476,
      "wf1": 0.10716026705908534,
      "uf1": 0.07593560262770013,
      "f1_per_class": [
        0.0,
        0.0,
        0.0750551876379691,
        0.0,
        0.0,
        0.3805584281282317
      ]
    }
  ],
  "wa_mean": 0.2456843403205919,
  "wa_std": 0.008323057953144267,
  "wa_min": 0.2373612823674476,
  "wa_max": 0.25400739827373614,
  "wf1_mean": 0.12174555742598933,
  "wf1_std": 0.014585290366903987,
  "wf1_min": 0.10716026705908534,
  "wf1_max": 0.1363308477928933,
  "uf1_mean": 0.09917376611947036,
  "uf1_std": 0.023238163491770228,
  "uf1_min": 0.07593560262770013,
  "uf1_max": 0.12241192961124059,
  "mean_f1_per_class": {
    "hap": 0.0,
    "sad": 0.21582733812949642,
    "neu": 0.03752759381898455,
    "ang": 0.0,
    "exc": 0.0,
    "fru": 0.3416876647683412
  }
}