{
  "folds": [
    {
      "fold": 0,
      "best_epoch": 8,
      "wa": 0.515793528505393,
      "wf1": 0.47699868936308576,
      "uf1": 0.27499354241923474,
      "f1_per_class": [
        0.6749999999999999,
        0.34268833087149186,
        0.2774566473988439,
        0.3697478991596638,
        0.26006191950464397,
        0.0,
        0.0
      ]
    }
  ],
  "wa_mean": 0.515793528505393,
  "wa_std": 0.0,
  "wa_min": 0.515793528505393,
  "wa_max": 0.515793528505393,
  "wf1_mean": 0.47699868936308576,
  "wf1_std": 0.0,
  "wf1_min": 0.47699868936308576,
  "wf1_max": 0.47699868936308576,
  "uf1_mean": 0.27499354241923474,
  "uf1_std": 0.0,
  "uf1_min": 0.27499354241923474,
  "uf1_max": 0.27499354241923474,
  "mean_f1_per_class": {
    "neutral": 0.6749999999999999,
    "joy": 0.34268833087149186,
    "surprise": 0.2774566473988439,
    "anger": 0.3697478991596638,
    "sadness": 0.26006191950464397,
    "disgust": 0.0,
    "fear": 0.0
  }
}