{
  "folds": [
    {
      "fold": 0,
      "best_epoch": 37,
      "wa": 0.6300863131935882,
      "wf1": 0.6286872570049354,
      "uf1": 0.6062282780755219,
      "f1_per_class": [
        0.3826714801444044,
        0.6102564102564103,
        0.6888361045130641,
        0.64,
        0.7202797202797202,
        0.5953259532595326
      ]
    }
  ],
  "wa_mean": 0.6300863131935882,
  "wa_std": 0.0,
  "wa_min": 0.6300863131935882,
  "wa_max": 0.6300863131935882,
  "wf1_mean": 0.6286872570049354,
  "wf1_std": 0.0,
  "wf1_min": 0.6286872570049354,
  "wf1_max": 0.6286872570049354,
  "uf1_mean": 0.6062282780755219,
  "uf1_std": 0.0,
  "uf1_min": 0.6062282780755219,
  "uf1_max": 0.6062282780755219,
  "mean_f1_per_class": {
    "hap": 0.3826714801444044,
    "sad": 0.6102564102564103,
    "neu": 0.6888361045130641,
    "ang": 0.64,
    "exc": 0.7202797202797202,
    "fru": 0.5953259532595326
  }
}