{
  "folds": [
    {
      "fold": 0,
      "best_epoch": 17,
      "wa": 0.6078914919852034,
      "wf1": 0.5943603985315145,
      "uf1": 0.5645873335532419,
      "f1_per_class": [
        0.24242424242424243,
        0.6624737945492661,
        0.6806930693069306,
        0.580110497237569,
        0.7126760563380282,
        0.5091463414634146
      ]
    },
    {
      "fold": 1,
      "best_epoch": 23,
      "wa": 0.5709001233045623,
      "wf1": 0.5666200677053387,
      "uf1": 0.5505593604433149,
      "f1_per_class": [
        0.39087947882736157,
        0.6059225512528472,
        0.6501614639397202,
        0.5301837270341206,
        0.6605839416058394,
        0.46562499999999996
      ]
    },
    {
      "fold": 2,
      "best_epoch": 23,
      "wa": 0.5536374845869297,
      "wf1": 0.5557603181130176,
      "uf1": 0.5307678030869745,
      "f1_per_class": [
        0.34520547945205476,
        0.5213849287169042,
        0.6722454672245468,
        0.47540983606557374,
        0.7381703470031546,
        0.4321907600596125
      ]
    }
  ],
  "wa_mean": 0.5774763666255652,
  "wa_std": 0.022631976815349265,
  "wa_min": 0.5536374845869297,
  "wa_max": 0.6078914919852034,
  "wf1_mean": 0.5722469281166235,
  "wf1_std": 0.016252952975683518,
  "wf1_min": 0.5557603181130176,
  "wf1_max": 0.5943603985315145,
  "uf1_mean": 0.5486381656945104,
  "uf1_std": 0.01387343750209545,
  "uf1_min": 0.5307678030869745,
  "uf1_max": 0.5645873335532419,
  "mean_f1_per_class": {
    "hap": 0.3261697335678862,
    "sad": 0.5965937581730058,
    "neu": 0.6677000001570659,
    "ang": 0.5285680201124211,
    "exc": 0.7038101149823408,
    "fru": 0.46898736717434236
  }
}