{
  "folds": [
    {
      "fold": 0,
      "best_epoch": 22,
      "wa": 0.20283600493218248,
      "wf1": 0.17955396818654293,
      "uf1": 0.18325995110311663,
      "f1_per_class": [
        0.14138438880706922,
        0.10218978102189781,
        0.13861386138613863,
        0.33812949640287776,
        0.11242603550295859,
        0.26681614349775784
      ]
    },
    {
      "fold": 1,
      "best_epoch": 23,
      "wa": 0.18988902589395806,
      "wf1": 0.14705697911885518,
      "uf1": 0.17965753629581296,
      "f1_per_class": [
        0.20063191153238547,
        0.47835051546391755,
        0.02977667493796526,
        0.2490842490842491,
        0.08411214953271028,
        0.03598971722365039
      ]
    },
    {
      "fold": 2,
      "best_epoch": 24,
      "wa": 0.28606658446362515,
      "wf1": 0.2804192607901771,
      "uf1": 0.2688886959895831,
      "f1_per_class": [
        0.24269662921348314,
        0.4207492795389049,
        0.4061393152302243,
        0.18823529411764706,
        0.07751937984496125,
        0.277992277992278
      ]
    }
  ],
  "wa_mean": 0.22626387176325524,
  "wa_std": 0.042615954768891386,
  "wa_min": 0.18988902589395806,
  "wa_max": 0.28606658446362515,
  "wf1_mean": 0.20234340269852505,
  "wf1_std": 0.05677965179637973,
  "wf1_min": 0.14705697911885518,
  "wf1_max": 0.2804192607901771,
  "uf1_mean": 0.21060206112950422,
  "uf1_std": 0.04124110571258641,
  "uf1_min": 0.17965753629581296,
  "uf1_max": 0.2688886959895831,
  "mean_f1_per_class": {
    "hap": 0.19490430985097928,
    "sad": 0.33376319200824006,
    "neu": 0.1915099505181094,
    "ang": 0.25848301320159134,
    "exc": 0.0913525216268767,
    "fru": 0.19359937957122875
  }
}