{
  "folds": [
    {
      "fold": 0,
      "best_epoch": 20,
      "wa": 0.5474722564734895,
      "wf1": 0.539076298723785,
      "uf1": 0.529521572503781,
      "f1_per_class": [
        0.37999999999999995,
        0.667931688804554,
        0.6912325285895807,
        0.5110132158590308,
        0.5984848484848484,
        0.3284671532846715
      ]
    },
    {
      "fold": 1,
      "best_epoch": 24,
      "wa": 0.49815043156596794,
      "wf1": 0.499444977258321,
      "uf1": 0.4940806338400003,
      "f1_per_class": [
        0.41596638655462187,
        0.6287015945330297,
        0.610608020698577,
        0.4364406779661017,
        0.544,
        0.3287671232876712
      ]
    },
    {
      "fold": 2,
      "best_epoch": 24,
      "wa": 0.5394574599260172,
      "wf1": 0.5514711168652384,
      "uf1": 0.5355585537922244,
      "f1_per_class": [
        0.3887147335423198,
        0.6121495327102805,
        0.6107784431137725,
        0.4705882352941177,
        0.6899082568807341,
        0.4412121212121212
      ]
    }
  ],
  "wa_mean": 0.5283600493218249,
  "wa_std": 0.02161056831954502,
  "wa_min": 0.49815043156596794,
  "wa_max": 0.5474722564734895,
  "wf1_mean": 0.5299974642824482,
  "wf1_std": 0.02218856652587122,
  "wf1_min": 0.499444977258321,
  "wf1_max": 0.5514711168652384,
  "uf1_mean": 0.5197202533786686,
  "uf1_std": 0.018296700127527522,
  "uf1_min": 0.4940806338400003,
  "uf1_max": 0.5355585537922244,
  "mean_f1_per_class": {
    "hap": 0.39489370669898055,
    "sad": 0.6362609386826213,
    "neu": 0.6375396641339767,
    "ang": 0.47268070970641674,
    "exc": 0.6107977017885275,
    "fru": 0.36614879926148797
  }
}