{
  "folds": [
    {
      "fold": 0,
      "best_epoch": 37,
      "wa": 0.6368680641183724,
      "wf1": 0.6408330950106536,
      "uf1": 0.6336471579037383,
      "f1_per_class": [
        0.5647668393782384,
        0.6582914572864321,
        0.6881188118811882,
        0.6250000000000001,
        0.6747967479674796,
        0.5909090909090908
      ]
    }
  ],
  "wa_mean": 0.6368680641183724,
  "wa_std": 0.0,
  "wa_min": 0.6368680641183724,
  "wa_max": 0.6368680641183724,
  "wf1_mean": 0.6408330950106536,
  "wf1_std": 0.0,
  "wf1_min": 0.6408330950106536,
  "wf1_max": 0.6408330950106536,
  "uf1_mean": 0.6336471579037383,
  "uf1_std": 0.0,
  "uf1_min": 0.6336471579037383,
  "uf1_max": 0.6336471579037383,
  "mean_f1_per_class": {
    "hap": 0.5647668393782384,
    "sad": 0.6582914572864321,
    "neu": 0.6881188118811882,
    "ang": 0.6250000000000001,
    "exc": 0.6747967479674796,
    "fru": 0.5909090909090908
  }
}