{
  "folds": [
    {
      "fold": 0,
      "best_epoch": 30,
      "wa": 0.6387176325524044,
      "wf1": 0.6415985897147658,
      "uf1": 0.6296747569340616,
      "f1_per_class": [
        0.5046153846153846,
        0.6446700507614213,
        0.6581096849474912,
        0.64576802507837,
        0.6915520628683693,
        0.6333333333333333
      ]
    },
    {
      "fold": 1,
      "best_epoch": 25,
      "wa": 0.6442663378545006,
      "wf1": 0.6439249088888132,
      "uf1": 0.6320543403596819,
      "f1_per_class": [
        0.4542124542124542,
        0.6914660831509847,
        0.6507537688442211,
        0.6626506024096386,
        0.736842105263158,
        0.596401028277635
      ]
    },
    {
      "fold": 2,
      "best_epoch": 28,
      "wa": 0.6263871763255241,
      "wf1": 0.6255540945823949,
      "uf1": 0.6146856658024809,
      "f1_per_class": [
        0.5304659498207885,
        0.5863874345549738,
        0.661271676300578,
        0.6180555555555555,
        0.6841121495327103,
        0.6078212290502794
      ]
    }
  ]
}