{
  "folds": [
    {
      "fold": 0,
      "best_epoch": 9,
      "wa": 0.5181047765793528,
      "wf1": 0.48718175673522557,
      "uf1": 0.28795730499337296,
      "f1_per_class": [
        0.677797513321492,
        0.38227848101265816,
        0.3080260303687635,
        0.3743016759776537,
        0.23693379790940766,
        0.0,
        0.03636363636363636
      ]
    }
  ],
  "wa_mean": 0.5181047765793528,
  "wa_std": 0.0,
  "wa_min": 0.5181047765793528,
  "wa_max": 0.5181047765793528,
  "wf1_mean": 0.48718175673522557,
  "wf1_std": 0.0,
  "wf1_min": 0.48718175673522557,
  "wf1_max": 0.48718175673522557,
  "uf1_mean": 0.28795730499337296,
  "uf1_std": 0.0,
  "uf1_min": 0.28795730499337296,
  "uf1_max": 0.28795730499337296,
  "mean_f1_per_class": {
    "neutral": 0.677797513321492,
    "joy": 0.38227848101265816,
    "surprise": 0.3080260303687635,
    "anger": 0.3743016759776537,
    "sadness": 0.23693379790940766,
    "disgust": 0.0,
    "fear": 0.03636363636363636
  }
}