{
  "folds": [
    {
      "fold": 0,
      "best_epoch": 8,
      "wa": 0.5096302003081664,
      "wf1": 0.4760515954990416,
      "uf1": 0.2725046568929389,
      "f1_per_class": [
        0.6657263751763047,
        0.3638778220451527,
        0.30425963488843816,
        0.40392706872370265,
        0.16974169741697417,
        0.0,
        0.0
      ]
    }
  ],
  "wa_mean": 0.5096302003081664,
  "wa_std": 0.0,
  "wa_min": 0.5096302003081664,
  "wa_max": 0.5096302003081664,
  "wf1_mean": 0.4760515954990416,
  "wf1_std": 0.0,
  "wf1_min": 0.4760515954990416,
  "wf1_max": 0.4760515954990416,
  "uf1_mean": 0.2725046568929389,
  "uf1_std": 0.0,
  "uf1_min": 0.2725046568929389,
  "uf1_max": 0.2725046568929389,
  "mean_f1_per_class": {
    "neutral": 0.6657263751763047,
    "joy": 0.3638778220451527,
    "surprise": 0.30425963488843816,
    "anger": 0.40392706872370265,
    "sadness": 0.16974169741697417,
    "disgust": 0.0,
    "fear": 0.0
  }
}