{
  "folds": [
    {
      "fold": 0,
      "best_epoch": 24,
      "wa": 0.5511713933415536,
      "wf1": 0.5573378558747835,
      "uf1": 0.5468147594700956,
      "f1_per_class": [
        0.41596638655462187,
        0.6557971014492754,
        0.5940298507462687,
        0.5517241379310346,
        0.5267857142857143,
        0.5365853658536585
      ]
    },
    {
      "fold": 1,
      "best_epoch": 24,
      "wa": 0.5191122071516646,
      "wf1": 0.5266001252948599,
      "uf1": 0.5074813085791953,
      "f1_per_class": [
        0.36493738819320215,
        0.5805084745762713,
        0.6761290322580644,
        0.5110410094637222,
        0.4189189189189189,
        0.49335302806499265
      ]
    },
    {
      "fold": 2,
      "best_epoch": 12,
      "wa": 0.5659679408138101,
      "wf1": 0.5566425504731005,
      "uf1": 0.5213190163382295,
      "f1_per_class": [
        0.1867469879518072,
        0.5758241758241758,
        0.7080745341614907,
        0.519774011299435,
        0.7140864714086472,
        0.423407917383821
      ]
    }
  ],
  "wa_mean": 0.5454171804356761,
  "wa_std": 0.01955672380332151,
  "wa_min": 0.5191122071516646,
  "wa_max": 0.5659679408138101,
  "wf1_mean": 0.546860177214248,
  "wf1_std": 0.014328832011777919,
  "wf1_min": 0.5266001252948599,
  "wf1_max": 0.5573378558747835,
  "uf1_mean": 0.5252050281291735,
  "uf1_std": 0.016291222697641692,
  "uf1_min": 0.5074813085791953,
  "uf1_max": 0.5468147594700956,
  "mean_f1_per_class": {
    "hap": 0.32255025423321043,
    "sad": 0.6040432506165742,
    "neu": 0.6594111390552746,
    "ang": 0.5275130528980639,
    "exc": 0.5532637015377602,
    "fru": 0.48444877043415735
  }
}