{
  "folds": [
    {
      "fold": 0,
      "best_epoch": 30,
      "wa": 0.6072749691738595,
      "wf1": 0.6072702139925207,
      "uf1": 0.5931064253595323,
      "f1_per_class": [
        0.4606413994169096,
        0.5660377358490566,
        0.6477644492911668,
        0.638036809815951,
        0.628691983122363,
        0.6174661746617466
      ]
    }
  ],
  "wa_mean": 0.6072749691738595,
  "wa_std": 0.0,
  "wa_min": 0.6072749691738595,
  "wa_max": 0.6072749691738595,
  "wf1_mean": 0.6072702139925207,
  "wf1_std": 0.0,
  "wf1_min": 0.6072702139925207,
  "wf1_max": 0.6072702139925207,
  "uf1_mean": 0.5931064253595323,
  "uf1_std": 0.0,
  "uf1_min": 0.5931064253595323,
  "uf1_max": 0.5931064253595323,
  "mean_f1_per_class": {
    "hap": 0.4606413994169096,
    "sad": 0.5660377358490566,
    "neu": 0.6477644492911668,
    "ang": 0.638036809815951,
    "exc": 0.628691983122363,
    "fru": 0.6174661746617466
  }
}