{
  "folds": [
    {
      "fold": 0,
      "best_epoch": 23,
      "wa": 0.5209617755856967,
      "wf1": 0.5025754178291154,
      "uf1": 0.4956615652756848,
      "f1_per_class": [
        0.31707317073170727,
        0.6313253012048192,
        0.5976095617529881,
        0.5238095238095238,
        0.5835411471321695,
        0.3206106870229008
      ]
    },
    {
      "fold": 1,
      "best_epoch": 17,
      "wa": 0.49815043156596794,
      "wf1": 0.49924434725939526,
      "uf1": 0.48813715151517095,
      "f1_per_class": [
        0.36575875486381315,
        0.6226804123711339,
        0.5494830132939438,
        0.4222222222222222,
        0.5723370429252782,
        0.39634146341463417
      ]
    },
    {
      "fold": 2,
      "best_epoch": 24,
      "wa": 0.49013563501849566,
      "wf1": 0.49605003351608046,
      "uf1": 0.48534715370672843,
      "f1_per_class": [
        0.3826714801444044,
        0.6492985971943888,
        0.5535714285714286,
        0.3811188811188811,
        0.5704225352112676,
        0.375
      ]
    }
  ],
  "wa_mean": 0.5030826140567201,
  "wa_std": 0.013059034003548924,
  "wa_min": 0.49013563501849566,
  "wa_max": 0.5209617755856967,
  "wf1_mean": 0.499289932868197,
  "wf1_std": 0.0026641719969499014,
  "wf1_min": 0.49605003351608046,
  "wf1_max": 0.5025754178291154,
  "uf1_mean": 0.4897152901658614,
  "uf1_std": 0.004356195794808234,
  "uf1_min": 0.48534715370672843,
  "uf1_max": 0.4956615652756848,
  "mean_f1_per_class": {
    "hap": 0.35516780191330827,
    "sad": 0.6344347702567806,
    "neu": 0.5668880012061202,
    "ang": 0.4423835423835423,
    "exc": 0.5754335750895718,
    "fru": 0.36398405014584495
  }
}