{
  "folds": [
    {
      "fold": 0,
      "best_epoch": 26,
      "wa": 0.6245376078914919,
      "wf1": 0.6295392273005972,
      "uf1": 0.613128246404686,
      "f1_per_class": [
        0.43023255813953487,
        0.6443914081145584,
        0.6618705035971223,
        0.6388059701492538,
        0.7032136105860114,
        0.6002554278416348
      ]
    }
  ],
  "wa_mean": 0.6245376078914919,
  "wa_std": 0.0,
  "wa_min": 0.6245376078914919,
  "wa_max": 0.6245376078914919,
  "wf1_mean": 0.6295392273005972,
  "wf1_std": 0.0,
  "wf1_min": 0.6295392273005972,
  "wf1_max": 0.6295392273005972,
  "uf1_mean": 0.613128246404686,
  "uf1_std": 0.0,
  "uf1_min": 0.613128246404686,
  "uf1_max": 0.613128246404686,
  "mean_f1_per_class": {
    "hap": 0.43023255813953487,
    "sad": 0.6443914081145584,
    "neu": 0.6618705035971223,
    "ang": 0.6388059701492538,
    "exc": 0.7032136105860114,
    "fru": 0.6002554278416348
  }
}