{
  "folds": [
    {
      "fold": 0,
      "best_epoch": 8,
      "wa": 0.4803543913713405,
      "wf1": 0.35078125736572363,
      "uf1": 0.13385604039036667,
      "f1_per_class": [
        0.6513535684987695,
        0.1280353200883002,
        0.07079646017699115,
        0.060606060606060594,
        0.026200873362445417,
        0.0,
        0.0
      ]
    }
  ],
  "wa_mean": 0.4803543913713405,
  "wa_std": 0.0,
  "wa_min": 0.4803543913713405,
  "wa_max": 0.4803543913713405,
  "wf1_mean": 0.35078125736572363,
  "wf1_std": 0.0,
  "wf1_min": 0.35078125736572363,
  "wf1_max": 0.35078125736572363,
  "uf1_mean": 0.13385604039036667,
  "uf1_std": 0.0,
  "uf1_min": 0.13385604039036667,
  "uf1_max": 0.13385604039036667,
  "mean_f1_per_class": {
    "neutral": 0.6513535684987695,
    "joy": 0.1280353200883002,
    "surprise": 0.07079646017699115,
    "anger": 0.060606060606060594,
    "sadness": 0.026200873362445417,
    "disgust": 0.0,
    "fear": 0.0
  }
}