{
  "folds": [
    {
      "fold": 0,
      "best_epoch": 9,
      "wa": 0.5080893682588598,
      "wf1": 0.47590887047370023,
      "uf1": 0.2768752888756839,
      "f1_per_class": [
        0.6748166259168704,
        0.34582132564841495,
        0.3168908819133034,
        0.30592734225621415,
        0.2946708463949843,
        0.0,
        0.0
      ]
    }
  ],
  "wa_mean": 0.5080893682588598,
  "wa_std": 0.0,
  "wa_min": 0.5080893682588598,
  "wa_max": 0.5080893682588598,
  "wf1_mean": 0.47590887047370023,
  "wf1_std": 0.0,
  "wf1_min": 0.47590887047370023,
  "wf1_max": 0.47590887047370023,
  "uf1_mean": 0.2768752888756839,
  "uf1_std": 0.0,
  "uf1_min": 0.2768752888756839,
  "uf1_max": 0.2768752888756839,
  "mean_f1_per_class": {
    "neutral": 0.6748166259168704,
    "joy": 0.34582132564841495,
    "surprise": 0.3168908819133034,
    "anger": 0.30592734225621415,
    "sadness": 0.2946708463949843,
    "disgust": 0.0,
    "fear": 0.0
  }
}