{
  "folds": [
    {
      "fold": 0,
      "best_epoch": 9,
      "wa": 0.5196456086286595,
      "wf1": 0.49918031451270595,
      "uf1": 0.3135348466961133,
      "f1_per_class": [
        0.6742730953257269,
        0.4083640836408364,
        0.33037300177619894,
        0.38888888888888884,
        0.28758169934640526,
        0.0,
        0.10526315789473685
      ]
    }
  ],
  "wa_mean": 0.5196456086286595,
  "wa_std": 0.0,
  "wa_min": 0.5196456086286595,
  "wa_max": 0.5196456086286595,
  "wf1_mean": 0.49918031451270595,
  "wf1_std": 0.0,
  "wf1_min": 0.49918031451270595,
  "wf1_max": 0.49918031451270595,
  "uf1_mean": 0.3135348466961133,
  "uf1_std": 0.0,
  "uf1_min": 0.3135348466961133,
  "uf1_max": 0.3135348466961133,
  "mean_f1_per_class": {
    "neutral": 0.6742730953257269,
    "joy": 0.4083640836408364,
    "surprise": 0.33037300177619894,
    "anger": 0.38888888888888884,
    "sadness": 0.28758169934640526,
    "disgust": 0.0,
    "fear": 0.10526315789473685
  }
}