{
  "folds": [
    {
      "fold": 0,
      "best_epoch": 9,
      "wa": 0.5154083204930663,
      "wf1": 0.493613771329566,
      "uf1": 0.30107976082426935,
      "f1_per_class": [
        0.6752387950036738,
        0.38954869358669836,
        0.3132075471698113,
        0.3654485049833887,
        0.32707774798927614,
        0.0,
        0.037037037037037035
      ]
    }
  ],
  "wa_mean": 0.5154083204930663,
  "wa_std": 0.0,
  "wa_min": 0.5154083204930663,
  "wa_max": 0.5154083204930663,
  "wf1_mean": 0.493613771329566,
  "wf1_std": 0.0,
  "wf1_min": 0.493613771329566,
  "wf1_max": 0.493613771329566,
  "uf1_mean": 0.30107976082426935,
  "uf1_std": 0.0,
  "uf1_min": 0.30107976082426935,
  "uf1_max": 0.30107976082426935,
  "mean_f1_per_class": {
    "neutral": 0.6752387950036738,
    "joy": 0.38954869358669836,
    "surprise": 0.3132075471698113,
    "anger": 0.3654485049833887,
    "sadness": 0.32707774798927614,
    "disgust": 0.0,
    "fear": 0.037037037037037035
  }
}