{
  "folds": [
    {
      "fold": 0,
      "best_epoch": 17,
      "wa": 0.5856966707768188,
      "wf1": 0.5771937291001854,
      "uf1": 0.567017021859158,
      "f1_per_class": [
        0.3905325443786982,
        0.6791666666666667,
        0.6716791979949873,
        0.5691906005221932,
        0.6901840490797547,
        0.40134907251264756
      ]
    },
    {
      "fold": 1,
      "best_epoch": 8,
      "wa": 0.5709001233045623,
      "wf1": 0.5615635123496607,
      "uf1": 0.533539058512209,
      "f1_per_class": [
        0.23280423280423282,
        0.6811352253756261,
        0.5948051948051948,
        0.5013054830287206,
        0.6924564796905223,
        0.49872773536895676
      ]
    },
    {
      "fold": 2,
      "best_epoch": 15,
      "wa": 0.5745992601726264,
      "wf1": 0.5776594987954445,
      "uf1": 0.5611743381028697,
      "f1_per_class": [
        0.4023323615160349,
        0.6283367556468173,
        0.6742712294043092,
        0.5225653206650832,
        0.688212927756654,
        0.4513274336283186
      ]
    }
  ],
  "wa_mean": 0.5770653514180025,
  "wa_std": 0.006287323691236469,
  "wa_min": 0.5709001233045623,
  "wa_max": 0.5856966707768188,
  "wf1_mean": 0.5721389134150968,
  "wf1_std": 0.007480354988161842,
  "wf1_min": 0.5615635123496607,
  "wf1_max": 0.5776594987954445,
  "uf1_mean": 0.5539101394914122,
  "uf1_std": 0.014600683627030202,
  "uf1_min": 0.533539058512209,
  "uf1_max": 0.567017021859158,
  "mean_f1_per_class": {
    "hap": 0.34188971289965525,
    "sad": 0.6628795492297034,
    "neu": 0.6469185407348305,
    "ang": 0.5310204680719989,
    "exc": 0.690284485508977,
    "fru": 0.45046808050330767
  }
}