{
  "settings": {
    "epochs": 25,
    "k_folds": 3,
    "seed": 42
  },
  "iemocap": {
    "full": {
      "wa_mean": 0.5283600493218249,
      "wf1_mean": 0.5299974642824482,
      "uf1_mean": 0.5197202533786686,
      "wa_std": 0.02161056831954502,
      "wf1_std": 0.02218856652587122,
      "uf1_std": 0.018296700127527522,
      "run_dir": "results/iemocap_20260526_171236"
    },
    "no_path_a": {
      "wa_mean": 0.22626387176325524,
      "wf1_mean": 0.20234340269852505,
      "uf1_mean": 0.21060206112950422,
      "wa_std": 0.042615954768891386,
      "wf1_std": 0.05677965179637973,
      "uf1_std": 0.04124110571258641,
      "run_dir": "results/iemocap_20260526_171458"
    },
    "no_path_b": {
      "wa_mean": 0.5376078914919852,
      "wf1_mean": 0.5391736654987876,
      "uf1_mean": 0.5271001243910233,
      "wa_std": 0.03169351031427377,
      "wf1_std": 0.03243773928520006,
      "uf1_std": 0.030742261294495508,
      "run_dir": "results/iemocap_20260526_171629"
    },
    "no_paths": {
      "wa_mean": 0.5030826140567201,
      "wf1_mean": 0.499289932868197,
      "uf1_mean": 0.4897152901658614,
      "wa_std": 0.013059034003548924,
      "wf1_std": 0.0026641719969499014,
      "uf1_std": 0.004356195794808234,
      "run_dir": "results/iemocap_20260526_171744"
    },
    "no_cross_modal": {
      "wa_mean": 0.5774763666255652,
      "wf1_mean": 0.5722469281166235,
      "uf1_mean": 0.5486381656945104,
      "wa_std": 0.022631976815349265,
      "wf1_std": 0.016252952975683518,
      "uf1_std": 0.01387343750209545,
      "run_dir": "results/iemocap_20260526_171824"
    },
    "no_speaker_emb": {
      "error": "'_SpeakerPositionInjector' object has no attribute 'speaker_emb'"
    },
    "d=32": {
      "wa_mean": 0.5454171804356761,
      "wf1_mean": 0.546860177214248,
      "uf1_mean": 0.5252050281291735,
      "wa_std": 0.01955672380332151,
      "wf1_std": 0.014328832011777919,
      "uf1_std": 0.016291222697641692,
      "run_dir": "results/iemocap_20260526_172042"
    },
    "d=128": {
      "wa_mean": 0.5770653514180025,
      "wf1_mean": 0.5721389134150968,
      "uf1_mean": 0.5539101394914122,
      "wa_std": 0.006287323691236469,
      "wf1_std": 0.007480354988161842,
      "uf1_std": 0.014600683627030202,
      "run_dir": "results/iemocap_20260526_172304"
    }
  },
  "meld": {
    "full": {
      "wa": 0.5154083204930663,
      "wf1": 0.493613771329566,
      "uf1": 0.30107976082426935,
      "f1_per_class": [
        0.6752387950036738,
        0.38954869358669836,
        0.3132075471698113,
        0.3654485049833887,
        0.32707774798927614,
        0.0,
        0.037037037037037035
      ],
      "run_dir": "results/meld_20260526_172530"
    },
    "no_path_a": {
      "wa": 0.4803543913713405,
      "wf1": 0.35078125736572363,
      "uf1": 0.13385604039036667,
      "f1_per_class": [
        0.6513535684987695,
        0.1280353200883002,
        0.07079646017699115,
        0.060606060606060594,
        0.026200873362445417,
        0.0,
        0.0
      ],
      "run_dir": "results/meld_20260526_173234"
    },
    "no_path_b": {
      "wa": 0.515793528505393,
      "wf1": 0.47699868936308576,
      "uf1": 0.27499354241923474,
      "f1_per_class": [
        0.6749999999999999,
        0.34268833087149186,
        0.2774566473988439,
        0.3697478991596638,
        0.26006191950464397,
        0.0,
        0.0
      ],
      "run_dir": "results/meld_20260526_173620"
    },
    "no_paths": {
      "wa": 0.5181047765793528,
      "wf1": 0.48718175673522557,
      "uf1": 0.28795730499337296,
      "f1_per_class": [
        0.677797513321492,
        0.38227848101265816,
        0.3080260303687635,
        0.3743016759776537,
        0.23693379790940766,
        0.0,
        0.03636363636363636
      ],
      "run_dir": "results/meld_20260526_174012"
    },
    "no_cross_modal": {
      "wa": 0.5196456086286595,
      "wf1": 0.49918031451270595,
      "uf1": 0.3135348466961133,
      "f1_per_class": [
        0.6742730953257269,
        0.4083640836408364,
        0.33037300177619894,
        0.38888888888888884,
        0.28758169934640526,
        0.0,
        0.10526315789473685
      ],
      "run_dir": "results/meld_20260526_174209"
    },
    "no_speaker_emb": {
      "wa": 0.523497688751926,
      "wf1": 0.49743571526787744,
      "uf1": 0.30802905161370103,
      "f1_per_class": [
        0.6688102893890675,
        0.3695090439276486,
        0.33333333333333337,
        0.43072289156626503,
        0.3160919540229885,
        0.0,
        0.03773584905660377
      ],
      "run_dir": "results/meld_20260526_174819"
    },
    "d=32": {
      "wa": 0.5080893682588598,
      "wf1": 0.47590887047370023,
      "uf1": 0.2768752888756839,
      "f1_per_class": [
        0.6748166259168704,
        0.34582132564841495,
        0.3168908819133034,
        0.30592734225621415,
        0.2946708463949843,
        0.0,
        0.0
      ],
      "run_dir": "results/meld_20260526_175454"
    },
    "d=128": {
      "wa": 0.5096302003081664,
      "wf1": 0.4760515954990416,
      "uf1": 0.2725046568929389,
      "f1_per_class": [
        0.6657263751763047,
        0.3638778220451527,
        0.30425963488843816,
        0.40392706872370265,
        0.16974169741697417,
        0.0,
        0.0
      ],
      "run_dir": "results/meld_20260526_180135"
    }
  }
}